<?xml version="1.0" encoding="UTF-8"?>
<project-private xmlns="http://www.netbeans.org/ns/project-private/1">
    <editor-bookmarks xmlns="http://www.netbeans.org/ns/editor-bookmarks/2" lastBookmarkId="0"/>
    <open-files xmlns="http://www.netbeans.org/ns/projectui-open-files/2">
        <group>
            <file>file:/C:/Users/aallanrd/Documents/NetBeans/Crucigramas/src/crucigrama/negocios/ICeldas.java</file>
            <file>file:/C:/Users/aallanrd/Documents/NetBeans/Crucigramas/src/crucigrama/negocios/JuegoPalabras.java</file>
            <file>file:/C:/Users/aallanrd/Documents/NetBeans/Crucigramas/src/crucigrama/presentacion/CajaJuego.java</file>
            <file>file:/C:/Users/aallanrd/Documents/NetBeans/Crucigramas/src/crucigrama/negocios/CeldasJuego.java</file>
            <file>file:/C:/Users/aallanrd/Documents/NetBeans/Crucigramas/src/crucigrama/presentacion/Pistas.java</file>
            <file>file:/C:/Users/aallanrd/Documents/NetBeans/Crucigramas/src/crucigrama/presentacion/run.java</file>
            <file>file:/C:/Users/aallanrd/Documents/NetBeans/Crucigramas/src/crucigrama/negocios/ExtensionMetodosJuego.java</file>
            <file>file:/C:/Users/aallanrd/Documents/NetBeans/Crucigramas/src/crucigrama/presentacion/CeldaCajaJuego.java</file>
            <file>file:/C:/Users/aallanrd/Documents/NetBeans/Crucigramas/src/crucigrama/presentacion/Controlador.java</file>
            <file>file:/C:/Users/aallanrd/Documents/NetBeans/Crucigramas/src/crucigrama/modelo/ModeloMapaTabla.java</file>
            <file>file:/C:/Users/aallanrd/Documents/NetBeans/Crucigramas/src/crucigrama/presentacion/PantallaPalabras.java</file>
            <file>file:/C:/Users/aallanrd/Documents/NetBeans/Crucigramas/src/crucigrama/presentacion/PantallaJuego.java</file>
            <file>file:/C:/Users/aallanrd/Documents/NetBeans/Crucigramas/src/crucigrama/negocios/IJuegoPalabras.java</file>
            <file>file:/C:/Users/aallanrd/Documents/NetBeans/Crucigramas/src/crucigrama/negocios/RelojModeloSwing.java</file>
            <file>file:/C:/Users/aallanrd/Documents/NetBeans/Crucigramas/src/crucigrama/negocios/Direccion.java</file>
            <file>file:/C:/Users/aallanrd/Documents/NetBeans/Crucigramas/src/crucigrama/presentacion/DesplegarJuego.java</file>
        </group>
    </open-files>
</project-private>
